path,mask_path,base_image,tool,view,source,weak_label,has_defect,score,fold
crops/images/tool02_bevel_gear_spindle_closeup_0002_isolated_c000_direct_b01_c00.jpg,crops/masks/tool02_bevel_gear_spindle_closeup_0002_isolated_c000_direct_b01_c00.png,tool02_bevel_gear_spindle_closeup_0002,tool02,000,official_crop,0,0,2.7898178100585938,tool02
crops/images/tool02_bevel_gear_spindle_closeup_0002_isolated_c001_direct_b01_c00.jpg,crops/masks/tool02_bevel_gear_spindle_closeup_0002_isolated_c001_direct_b01_c00.png,tool02_bevel_gear_spindle_closeup_0002,tool02,001,official_crop,0,0,2.6728053092956543,tool02
crops/images/tool02_bevel_gear_spindle_closeup_0002_isolated_c004_direct_b01_c00.jpg,crops/masks/tool02_bevel_gear_spindle_closeup_0002_isolated_c004_direct_b01_c00.png,tool02_bevel_gear_spindle_closeup_0002,tool02,004,official_crop,0,0,2.695274829864502,tool02
crops/images/tool02_bevel_gear_spindle_closeup_0006_isolated_c000_direct_b01_c00.jpg,crops/masks/tool02_bevel_gear_spindle_closeup_0006_isolated_c000_direct_b01_c00.png,tool02_bevel_gear_spindle_closeup_0006,tool02,000,official_crop,0,0,2.774888753890991,tool02
crops/images/tool02_bevel_gear_spindle_closeup_0006_isolated_c001_direct_b01_c00.jpg,crops/masks/tool02_bevel_gear_spindle_closeup_0006_isolated_c001_direct_b01_c00.png,tool02_bevel_gear_spindle_closeup_0006,tool02,001,official_crop,0,0,2.571786403656006,tool02
crops/images/tool02_bevel_gear_spindle_closeup_0006_isolated_c003_direct_b01_c00.jpg,crops/masks/tool02_bevel_gear_spindle_closeup_0006_isolated_c003_direct_b01_c00.png,tool02_bevel_gear_spindle_closeup_0006,tool02,003,official_crop,0,0,2.7059872150421143,tool02
crops/images/tool02_bevel_gear_spindle_closeup_0006_isolated_c004_direct_b01_c00.jpg,crops/masks/tool02_bevel_gear_spindle_closeup_0006_isolated_c004_direct_b01_c00.png,tool02_bevel_gear_spindle_closeup_0006,tool02,004,official_crop,0,0,2.65722393989563,tool02
crops/images/tool02_bevel_gear_spindle_closeup_0008_isolated_c000_direct_b01_c00.jpg,crops/masks/tool02_bevel_gear_spindle_closeup_0008_isolated_c000_direct_b01_c00.png,tool02_bevel_gear_spindle_closeup_0008,tool02,000,official_crop,0,1,2.6943516731262207,tool02
crops/images/tool02_bevel_gear_spindle_closeup_0008_isolated_c001_direct_b01_c00.jpg,crops/masks/tool02_bevel_gear_spindle_closeup_0008_isolated_c001_direct_b01_c00.png,tool02_bevel_gear_spindle_closeup_0008,tool02,001,official_crop,0,1,2.7646141052246094,tool02
crops/images/tool02_bevel_gear_spindle_closeup_0008_isolated_c002_direct_b01_c00.jpg,crops/masks/tool02_bevel_gear_spindle_closeup_0008_isolated_c002_direct_b01_c00.png,tool02_bevel_gear_spindle_closeup_0008,tool02,002,official_crop,0,1,2.7778079509735107,tool02
crops/images/tool02_bevel_gear_spindle_closeup_0008_isolated_c003_direct_b01_c00.jpg,crops/masks/tool02_bevel_gear_spindle_closeup_0008_isolated_c003_direct_b01_c00.png,tool02_bevel_gear_spindle_closeup_0008,tool02,003,official_crop,0,1,2.749563217163086,tool02
crops/images/tool02_bevel_gear_spindle_closeup_0008_isolated_c004_direct_b01_c00.jpg,crops/masks/tool02_bevel_gear_spindle_closeup_0008_isolated_c004_direct_b01_c00.png,tool02_bevel_gear_spindle_closeup_0008,tool02,004,official_crop,0,1,2.608551263809204,tool02
crops/images/tool02_bevel_gear_spindle_closeup_0011_isolated_c000_direct_b01_c00.jpg,crops/masks/tool02_bevel_gear_spindle_closeup_0011_isolated_c000_direct_b01_c00.png,tool02_bevel_gear_spindle_closeup_0011,tool02,000,official_crop,0,1,2.5849437713623047,tool02
crops/images/tool02_bevel_gear_spindle_closeup_0011_isolated_c001_direct_b01_c00.jpg,crops/masks/tool02_bevel_gear_spindle_closeup_0011_isolated_c001_direct_b01_c00.png,tool02_bevel_gear_spindle_closeup_0011,tool02,001,official_crop,0,1,2.5587868690490723,tool02
crops/images/tool02_bevel_gear_spindle_closeup_0011_isolated_c002_direct_b01_c00.jpg,crops/masks/tool02_bevel_gear_spindle_closeup_0011_isolated_c002_direct_b01_c00.png,tool02_bevel_gear_spindle_closeup_0011,tool02,002,official_crop,0,1,2.614187717437744,tool02
crops/images/tool02_bevel_gear_spindle_closeup_0011_isolated_c003_direct_b01_c00.jpg,crops/masks/tool02_bevel_gear_spindle_closeup_0011_isolated_c003_direct_b01_c00.png,tool02_bevel_gear_spindle_closeup_0011,tool02,003,official_crop,0,1,2.5195133686065674,tool02
crops/images/tool02_bevel_gear_spindle_closeup_0011_isolated_c004_direct_b01_c00.jpg,crops/masks/tool02_bevel_gear_spindle_closeup_0011_isolated_c004_direct_b01_c00.png,tool02_bevel_gear_spindle_closeup_0011,tool02,004,official_crop,0,1,2.669329881668091,tool02
crops/images/tool02_bevel_gear_spindle_closeup_0012_isolated_c000_direct_b01_c00.jpg,crops/masks/tool02_bevel_gear_spindle_closeup_0012_isolated_c000_direct_b01_c00.png,tool02_bevel_gear_spindle_closeup_0012,tool02,000,official_crop,0,1,3.013585090637207,tool02
crops/images/tool02_bevel_gear_spindle_closeup_0012_isolated_c001_direct_b01_c00.jpg,crops/masks/tool02_bevel_gear_spindle_closeup_0012_isolated_c001_direct_b01_c00.png,tool02_bevel_gear_spindle_closeup_0012,tool02,001,official_crop,0,1,2.954968214035034,tool02
crops/images/tool02_bevel_gear_spindle_closeup_0012_isolated_c002_direct_b01_c00.jpg,crops/masks/tool02_bevel_gear_spindle_closeup_0012_isolated_c002_direct_b01_c00.png,tool02_bevel_gear_spindle_closeup_0012,tool02,002,official_crop,0,1,3.0670955181121826,tool02
crops/images/tool02_bevel_gear_spindle_closeup_0012_isolated_c003_direct_b01_c00.jpg,crops/masks/tool02_bevel_gear_spindle_closeup_0012_isolated_c003_direct_b01_c00.png,tool02_bevel_gear_spindle_closeup_0012,tool02,003,official_crop,0,1,2.820345401763916,tool02
crops/images/tool02_bevel_gear_spindle_closeup_0012_isolated_c004_direct_b01_c00.jpg,crops/masks/tool02_bevel_gear_spindle_closeup_0012_isolated_c004_direct_b01_c00.png,tool02_bevel_gear_spindle_closeup_0012,tool02,004,official_crop,0,1,3.1073758602142334,tool02
crops/images/tool02_bevel_gear_spindle_closeup_0016_isolated_c000_direct_b01_c00.jpg,crops/masks/tool02_bevel_gear_spindle_closeup_0016_isolated_c000_direct_b01_c00.png,tool02_bevel_gear_spindle_closeup_0016,tool02,000,official_crop,0,1,2.6016688346862793,tool02
crops/images/tool02_bevel_gear_spindle_closeup_0016_isolated_c001_direct_b01_c00.jpg,crops/masks/tool02_bevel_gear_spindle_closeup_0016_isolated_c001_direct_b01_c00.png,tool02_bevel_gear_spindle_closeup_0016,tool02,001,official_crop,0,1,2.5765302181243896,tool02
crops/images/tool02_bevel_gear_spindle_closeup_0016_isolated_c002_direct_b01_c00.jpg,crops/masks/tool02_bevel_gear_spindle_closeup_0016_isolated_c002_direct_b01_c00.png,tool02_bevel_gear_spindle_closeup_0016,tool02,002,official_crop,0,1,2.6158571243286133,tool02
crops/images/tool02_bevel_gear_spindle_closeup_0016_isolated_c003_direct_b01_c00.jpg,crops/masks/tool02_bevel_gear_spindle_closeup_0016_isolated_c003_direct_b01_c00.png,tool02_bevel_gear_spindle_closeup_0016,tool02,003,official_crop,0,1,2.835075855255127,tool02
crops/images/tool02_bevel_gear_spindle_closeup_0016_isolated_c004_direct_b01_c00.jpg,crops/masks/tool02_bevel_gear_spindle_closeup_0016_isolated_c004_direct_b01_c00.png,tool02_bevel_gear_spindle_closeup_0016,tool02,004,official_crop,0,1,2.625328779220581,tool02
crops/images/tool02_bevel_gear_spindle_closeup_0017_isolated_c000_direct_b01_c00.jpg,crops/masks/tool02_bevel_gear_spindle_closeup_0017_isolated_c000_direct_b01_c00.png,tool02_bevel_gear_spindle_closeup_0017,tool02,000,official_crop,0,0,2.7708041667938232,tool02
crops/images/tool02_bevel_gear_spindle_closeup_0017_isolated_c001_direct_b01_c00.jpg,crops/masks/tool02_bevel_gear_spindle_closeup_0017_isolated_c001_direct_b01_c00.png,tool02_bevel_gear_spindle_closeup_0017,tool02,001,official_crop,0,0,2.8359580039978027,tool02
crops/images/tool02_bevel_gear_spindle_closeup_0017_isolated_c002_direct_b01_c00.jpg,crops/masks/tool02_bevel_gear_spindle_closeup_0017_isolated_c002_direct_b01_c00.png,tool02_bevel_gear_spindle_closeup_0017,tool02,002,official_crop,0,0,2.7824547290802,tool02
crops/images/tool02_bevel_gear_spindle_closeup_0017_isolated_c003_direct_b01_c00.jpg,crops/masks/tool02_bevel_gear_spindle_closeup_0017_isolated_c003_direct_b01_c00.png,tool02_bevel_gear_spindle_closeup_0017,tool02,003,official_crop,0,0,2.8116703033447266,tool02
crops/images/tool02_bevel_gear_spindle_closeup_0017_isolated_c004_direct_b01_c00.jpg,crops/masks/tool02_bevel_gear_spindle_closeup_0017_isolated_c004_direct_b01_c00.png,tool02_bevel_gear_spindle_closeup_0017,tool02,004,official_crop,0,0,2.724982500076294,tool02
crops/images/tool03_bevel_gear_spindle_closeup_0003_isolated_c000_direct_b01_c00.jpg,crops/masks/tool03_bevel_gear_spindle_closeup_0003_isolated_c000_direct_b01_c00.png,tool03_bevel_gear_spindle_closeup_0003,tool03,000,official_crop,0,1,2.2633748054504395,tool03
crops/images/tool03_bevel_gear_spindle_closeup_0003_isolated_c001_direct_b01_c00.jpg,crops/masks/tool03_bevel_gear_spindle_closeup_0003_isolated_c001_direct_b01_c00.png,tool03_bevel_gear_spindle_closeup_0003,tool03,001,official_crop,0,1,2.3135554790496826,tool03
crops/images/tool03_bevel_gear_spindle_closeup_0003_isolated_c002_direct_b01_c00.jpg,crops/masks/tool03_bevel_gear_spindle_closeup_0003_isolated_c002_direct_b01_c00.png,tool03_bevel_gear_spindle_closeup_0003,tool03,002,official_crop,0,1,2.2810986042022705,tool03
crops/images/tool03_bevel_gear_spindle_closeup_0003_isolated_c003_direct_b01_c00.jpg,crops/masks/tool03_bevel_gear_spindle_closeup_0003_isolated_c003_direct_b01_c00.png,tool03_bevel_gear_spindle_closeup_0003,tool03,003,official_crop,0,1,2.2919461727142334,tool03
crops/images/tool03_bevel_gear_spindle_closeup_0003_isolated_c004_direct_b01_c00.jpg,crops/masks/tool03_bevel_gear_spindle_closeup_0003_isolated_c004_direct_b01_c00.png,tool03_bevel_gear_spindle_closeup_0003,tool03,004,official_crop,0,1,2.3758487701416016,tool03
crops/images/tool08_bevel_gear_spindle_closeup_0005_isolated_c000_direct_b01_c00.jpg,crops/masks/tool08_bevel_gear_spindle_closeup_0005_isolated_c000_direct_b01_c00.png,tool08_bevel_gear_spindle_closeup_0005,tool08,000,official_crop,0,1,2.5658586025238037,tool08
crops/images/tool08_bevel_gear_spindle_closeup_0005_isolated_c001_direct_b01_c00.jpg,crops/masks/tool08_bevel_gear_spindle_closeup_0005_isolated_c001_direct_b01_c00.png,tool08_bevel_gear_spindle_closeup_0005,tool08,001,official_crop,0,1,2.7362730503082275,tool08
crops/images/tool08_bevel_gear_spindle_closeup_0005_isolated_c002_direct_b01_c00.jpg,crops/masks/tool08_bevel_gear_spindle_closeup_0005_isolated_c002_direct_b01_c00.png,tool08_bevel_gear_spindle_closeup_0005,tool08,002,official_crop,0,1,2.643089771270752,tool08
crops/images/tool08_bevel_gear_spindle_closeup_0005_isolated_c003_direct_b01_c00.jpg,crops/masks/tool08_bevel_gear_spindle_closeup_0005_isolated_c003_direct_b01_c00.png,tool08_bevel_gear_spindle_closeup_0005,tool08,003,official_crop,0,1,2.48490571975708,tool08
crops/images/tool08_bevel_gear_spindle_closeup_0005_isolated_c004_direct_b01_c00.jpg,crops/masks/tool08_bevel_gear_spindle_closeup_0005_isolated_c004_direct_b01_c00.png,tool08_bevel_gear_spindle_closeup_0005,tool08,004,official_crop,0,1,2.743705987930298,tool08
crops/images/tool08_bevel_gear_spindle_closeup_0014_isolated_c000_direct_b01_c00.jpg,crops/masks/tool08_bevel_gear_spindle_closeup_0014_isolated_c000_direct_b01_c00.png,tool08_bevel_gear_spindle_closeup_0014,tool08,000,official_crop,0,1,2.9433672428131104,tool08
crops/images/tool08_bevel_gear_spindle_closeup_0014_isolated_c001_direct_b01_c00.jpg,crops/masks/tool08_bevel_gear_spindle_closeup_0014_isolated_c001_direct_b01_c00.png,tool08_bevel_gear_spindle_closeup_0014,tool08,001,official_crop,0,1,2.8342597484588623,tool08
crops/images/tool08_bevel_gear_spindle_closeup_0014_isolated_c002_direct_b01_c00.jpg,crops/masks/tool08_bevel_gear_spindle_closeup_0014_isolated_c002_direct_b01_c00.png,tool08_bevel_gear_spindle_closeup_0014,tool08,002,official_crop,0,1,2.6046595573425293,tool08
crops/images/tool08_bevel_gear_spindle_closeup_0014_isolated_c003_direct_b01_c00.jpg,crops/masks/tool08_bevel_gear_spindle_closeup_0014_isolated_c003_direct_b01_c00.png,tool08_bevel_gear_spindle_closeup_0014,tool08,003,official_crop,0,1,2.6565749645233154,tool08
crops/images/tool08_bevel_gear_spindle_closeup_0014_isolated_c004_direct_b01_c00.jpg,crops/masks/tool08_bevel_gear_spindle_closeup_0014_isolated_c004_direct_b01_c00.png,tool08_bevel_gear_spindle_closeup_0014,tool08,004,official_crop,0,1,2.917499542236328,tool08
crops/images/tool09_bevel_gear_spindle_closeup_0012_isolated_c000_direct_b01_c00.jpg,crops/masks/tool09_bevel_gear_spindle_closeup_0012_isolated_c000_direct_b01_c00.png,tool09_bevel_gear_spindle_closeup_0012,tool09,000,official_crop,0,1,2.364874839782715,tool09
crops/images/tool09_bevel_gear_spindle_closeup_0012_isolated_c001_direct_b01_c00.jpg,crops/masks/tool09_bevel_gear_spindle_closeup_0012_isolated_c001_direct_b01_c00.png,tool09_bevel_gear_spindle_closeup_0012,tool09,001,official_crop,0,1,2.4148526191711426,tool09
crops/images/tool09_bevel_gear_spindle_closeup_0012_isolated_c002_direct_b01_c00.jpg,crops/masks/tool09_bevel_gear_spindle_closeup_0012_isolated_c002_direct_b01_c00.png,tool09_bevel_gear_spindle_closeup_0012,tool09,002,official_crop,0,1,2.346763849258423,tool09
crops/images/tool09_bevel_gear_spindle_closeup_0012_isolated_c003_direct_b01_c00.jpg,crops/masks/tool09_bevel_gear_spindle_closeup_0012_isolated_c003_direct_b01_c00.png,tool09_bevel_gear_spindle_closeup_0012,tool09,003,official_crop,0,1,2.4935309886932373,tool09
crops/images/tool09_bevel_gear_spindle_closeup_0012_isolated_c004_direct_b01_c00.jpg,crops/masks/tool09_bevel_gear_spindle_closeup_0012_isolated_c004_direct_b01_c00.png,tool09_bevel_gear_spindle_closeup_0012,tool09,004,official_crop,0,1,2.4169459342956543,tool09
crops/images/tool09_bevel_gear_spindle_closeup_0013_isolated_c000_direct_b01_c00.jpg,crops/masks/tool09_bevel_gear_spindle_closeup_0013_isolated_c000_direct_b01_c00.png,tool09_bevel_gear_spindle_closeup_0013,tool09,000,official_crop,0,1,2.725902795791626,tool09
crops/images/tool09_bevel_gear_spindle_closeup_0013_isolated_c001_direct_b01_c00.jpg,crops/masks/tool09_bevel_gear_spindle_closeup_0013_isolated_c001_direct_b01_c00.png,tool09_bevel_gear_spindle_closeup_0013,tool09,001,official_crop,0,1,2.384453296661377,tool09
crops/images/tool09_bevel_gear_spindle_closeup_0013_isolated_c002_direct_b01_c00.jpg,crops/masks/tool09_bevel_gear_spindle_closeup_0013_isolated_c002_direct_b01_c00.png,tool09_bevel_gear_spindle_closeup_0013,tool09,002,official_crop,0,1,2.36206316947937,tool09
crops/images/tool09_bevel_gear_spindle_closeup_0013_isolated_c003_direct_b01_c00.jpg,crops/masks/tool09_bevel_gear_spindle_closeup_0013_isolated_c003_direct_b01_c00.png,tool09_bevel_gear_spindle_closeup_0013,tool09,003,official_crop,0,1,2.340717077255249,tool09
crops/images/tool09_bevel_gear_spindle_closeup_0013_isolated_c004_direct_b01_c00.jpg,crops/masks/tool09_bevel_gear_spindle_closeup_0013_isolated_c004_direct_b01_c00.png,tool09_bevel_gear_spindle_closeup_0013,tool09,004,official_crop,0,1,2.3914363384246826,tool09
crops/images/tool10_bevel_gear_spindle_closeup_0004_isolated_c000_direct_b01_c00.jpg,crops/masks/tool10_bevel_gear_spindle_closeup_0004_isolated_c000_direct_b01_c00.png,tool10_bevel_gear_spindle_closeup_0004,tool10,000,official_crop,0,1,2.690180778503418,tool10
crops/images/tool10_bevel_gear_spindle_closeup_0004_isolated_c001_direct_b01_c00.jpg,crops/masks/tool10_bevel_gear_spindle_closeup_0004_isolated_c001_direct_b01_c00.png,tool10_bevel_gear_spindle_closeup_0004,tool10,001,official_crop,0,1,2.813788414001465,tool10
crops/images/tool10_bevel_gear_spindle_closeup_0004_isolated_c002_direct_b01_c00.jpg,crops/masks/tool10_bevel_gear_spindle_closeup_0004_isolated_c002_direct_b01_c00.png,tool10_bevel_gear_spindle_closeup_0004,tool10,002,official_crop,0,1,2.7586004734039307,tool10
crops/images/tool10_bevel_gear_spindle_closeup_0004_isolated_c003_direct_b01_c00.jpg,crops/masks/tool10_bevel_gear_spindle_closeup_0004_isolated_c003_direct_b01_c00.png,tool10_bevel_gear_spindle_closeup_0004,tool10,003,official_crop,0,1,2.7316951751708984,tool10
crops/images/tool10_bevel_gear_spindle_closeup_0004_isolated_c004_direct_b01_c00.jpg,crops/masks/tool10_bevel_gear_spindle_closeup_0004_isolated_c004_direct_b01_c00.png,tool10_bevel_gear_spindle_closeup_0004,tool10,004,official_crop,0,1,2.8382954597473145,tool10
crops/images/tool10_bevel_gear_spindle_closeup_0008_isolated_v2_c000_direct_b01_c00.jpg,crops/masks/tool10_bevel_gear_spindle_closeup_0008_isolated_v2_c000_direct_b01_c00.png,tool10_bevel_gear_spindle_closeup_0008,tool10,000,official_crop,0,1,2.681654691696167,tool10
crops/images/tool10_bevel_gear_spindle_closeup_0008_isolated_v2_c001_direct_b01_c00.jpg,crops/masks/tool10_bevel_gear_spindle_closeup_0008_isolated_v2_c001_direct_b01_c00.png,tool10_bevel_gear_spindle_closeup_0008,tool10,001,official_crop,0,1,2.8315317630767822,tool10
crops/images/tool10_bevel_gear_spindle_closeup_0008_isolated_v2_c002_direct_b01_c00.jpg,crops/masks/tool10_bevel_gear_spindle_closeup_0008_isolated_v2_c002_direct_b01_c00.png,tool10_bevel_gear_spindle_closeup_0008,tool10,002,official_crop,0,1,2.901481866836548,tool10
crops/images/tool10_bevel_gear_spindle_closeup_0008_isolated_v2_c003_direct_b01_c00.jpg,crops/masks/tool10_bevel_gear_spindle_closeup_0008_isolated_v2_c003_direct_b01_c00.png,tool10_bevel_gear_spindle_closeup_0008,tool10,003,official_crop,0,1,2.8373262882232666,tool10
crops/images/tool10_bevel_gear_spindle_closeup_0008_isolated_v2_c004_direct_b01_c00.jpg,crops/masks/tool10_bevel_gear_spindle_closeup_0008_isolated_v2_c004_direct_b01_c00.png,tool10_bevel_gear_spindle_closeup_0008,tool10,004,official_crop,0,1,2.733020067214966,tool10
crops/images/tool97_bevel_gear_spindle_closeup_0001_isolated_c000_direct_b01_c00.jpg,crops/masks/tool97_bevel_gear_spindle_closeup_0001_isolated_c000_direct_b01_c00.png,tool97_bevel_gear_spindle_closeup_0001,tool97,000,official_crop,0,0,2.5819852352142334,tool97
crops/images/tool97_bevel_gear_spindle_closeup_0001_isolated_c001_direct_b01_c00.jpg,crops/masks/tool97_bevel_gear_spindle_closeup_0001_isolated_c001_direct_b01_c00.png,tool97_bevel_gear_spindle_closeup_0001,tool97,001,official_crop,0,0,2.6080775260925293,tool97
crops/images/tool97_bevel_gear_spindle_closeup_0001_isolated_c002_direct_b01_c00.jpg,crops/masks/tool97_bevel_gear_spindle_closeup_0001_isolated_c002_direct_b01_c00.png,tool97_bevel_gear_spindle_closeup_0001,tool97,002,official_crop,0,0,2.1159324645996094,tool97
crops/images/tool97_bevel_gear_spindle_closeup_0001_isolated_c003_direct_b01_c00.jpg,crops/masks/tool97_bevel_gear_spindle_closeup_0001_isolated_c003_direct_b01_c00.png,tool97_bevel_gear_spindle_closeup_0001,tool97,003,official_crop,0,0,2.471388339996338,tool97
crops/images/tool97_bevel_gear_spindle_closeup_0001_isolated_c004_direct_b01_c00.jpg,crops/masks/tool97_bevel_gear_spindle_closeup_0001_isolated_c004_direct_b01_c00.png,tool97_bevel_gear_spindle_closeup_0001,tool97,004,official_crop,0,0,2.334421396255493,tool97
crops/images/tool97_bevel_gear_spindle_closeup_0003_isolated_c000_direct_b01_c00.jpg,crops/masks/tool97_bevel_gear_spindle_closeup_0003_isolated_c000_direct_b01_c00.png,tool97_bevel_gear_spindle_closeup_0003,tool97,000,official_crop,0,0,2.9387118816375732,tool97
crops/images/tool97_bevel_gear_spindle_closeup_0003_isolated_c001_direct_b01_c00.jpg,crops/masks/tool97_bevel_gear_spindle_closeup_0003_isolated_c001_direct_b01_c00.png,tool97_bevel_gear_spindle_closeup_0003,tool97,001,official_crop,0,0,2.97420334815979,tool97
crops/images/tool97_bevel_gear_spindle_closeup_0003_isolated_c002_direct_b01_c00.jpg,crops/masks/tool97_bevel_gear_spindle_closeup_0003_isolated_c002_direct_b01_c00.png,tool97_bevel_gear_spindle_closeup_0003,tool97,002,official_crop,0,0,2.8235361576080322,tool97
crops/images/tool97_bevel_gear_spindle_closeup_0003_isolated_c003_direct_b01_c00.jpg,crops/masks/tool97_bevel_gear_spindle_closeup_0003_isolated_c003_direct_b01_c00.png,tool97_bevel_gear_spindle_closeup_0003,tool97,003,official_crop,0,0,2.8779921531677246,tool97
crops/images/tool97_bevel_gear_spindle_closeup_0003_isolated_c004_direct_b01_c00.jpg,crops/masks/tool97_bevel_gear_spindle_closeup_0003_isolated_c004_direct_b01_c00.png,tool97_bevel_gear_spindle_closeup_0003,tool97,004,official_crop,0,0,2.5008535385131836,tool97
crops/images/tool97_bevel_gear_spindle_closeup_0004_isolated_c000_direct_b01_c00.jpg,crops/masks/tool97_bevel_gear_spindle_closeup_0004_isolated_c000_direct_b01_c00.png,tool97_bevel_gear_spindle_closeup_0004,tool97,000,official_crop,0,0,2.861020088195801,tool97
crops/images/tool97_bevel_gear_spindle_closeup_0004_isolated_c001_direct_b01_c00.jpg,crops/masks/tool97_bevel_gear_spindle_closeup_0004_isolated_c001_direct_b01_c00.png,tool97_bevel_gear_spindle_closeup_0004,tool97,001,official_crop,0,0,3.0381062030792236,tool97
crops/images/tool97_bevel_gear_spindle_closeup_0004_isolated_c002_direct_b01_c00.jpg,crops/masks/tool97_bevel_gear_spindle_closeup_0004_isolated_c002_direct_b01_c00.png,tool97_bevel_gear_spindle_closeup_0004,tool97,002,official_crop,0,0,2.9530389308929443,tool97
crops/images/tool97_bevel_gear_spindle_closeup_0004_isolated_c003_direct_b01_c00.jpg,crops/masks/tool97_bevel_gear_spindle_closeup_0004_isolated_c003_direct_b01_c00.png,tool97_bevel_gear_spindle_closeup_0004,tool97,003,official_crop,0,0,2.9443306922912598,tool97
crops/images/tool97_bevel_gear_spindle_closeup_0004_isolated_c004_direct_b01_c00.jpg,crops/masks/tool97_bevel_gear_spindle_closeup_0004_isolated_c004_direct_b01_c00.png,tool97_bevel_gear_spindle_closeup_0004,tool97,004,official_crop,0,0,2.9322712421417236,tool97
crops/images/tool99_bevel_gear_spindle_closeup_0003_isolated_c000_direct_b01_c00.jpg,crops/masks/tool99_bevel_gear_spindle_closeup_0003_isolated_c000_direct_b01_c00.png,tool99_bevel_gear_spindle_closeup_0003,tool99,000,official_crop,0,0,2.3764848709106445,tool99
crops/images/tool99_bevel_gear_spindle_closeup_0003_isolated_c002_direct_b01_c00.jpg,crops/masks/tool99_bevel_gear_spindle_closeup_0003_isolated_c002_direct_b01_c00.png,tool99_bevel_gear_spindle_closeup_0003,tool99,002,official_crop,0,0,2.20513916015625,tool99
crops/images/tool99_bevel_gear_spindle_closeup_0003_isolated_c003_direct_b01_c00.jpg,crops/masks/tool99_bevel_gear_spindle_closeup_0003_isolated_c003_direct_b01_c00.png,tool99_bevel_gear_spindle_closeup_0003,tool99,003,official_crop,0,0,2.302393674850464,tool99
crops/images/tool99_bevel_gear_spindle_closeup_0003_isolated_c004_direct_b01_c00.jpg,crops/masks/tool99_bevel_gear_spindle_closeup_0003_isolated_c004_direct_b01_c00.png,tool99_bevel_gear_spindle_closeup_0003,tool99,004,official_crop,0,0,2.5662927627563477,tool99
crops/images/tool99_bevel_gear_spindle_closeup_0008_isolated_c000_direct_b01_c00.jpg,crops/masks/tool99_bevel_gear_spindle_closeup_0008_isolated_c000_direct_b01_c00.png,tool99_bevel_gear_spindle_closeup_0008,tool99,000,official_crop,0,0,2.449450969696045,tool99
crops/images/tool99_bevel_gear_spindle_closeup_0008_isolated_c001_direct_b01_c00.jpg,crops/masks/tool99_bevel_gear_spindle_closeup_0008_isolated_c001_direct_b01_c00.png,tool99_bevel_gear_spindle_closeup_0008,tool99,001,official_crop,0,0,2.3834919929504395,tool99
crops/images/tool99_bevel_gear_spindle_closeup_0008_isolated_c002_direct_b01_c00.jpg,crops/masks/tool99_bevel_gear_spindle_closeup_0008_isolated_c002_direct_b01_c00.png,tool99_bevel_gear_spindle_closeup_0008,tool99,002,official_crop,0,0,2.634505271911621,tool99
crops/images/tool99_bevel_gear_spindle_closeup_0008_isolated_c003_direct_b01_c00.jpg,crops/masks/tool99_bevel_gear_spindle_closeup_0008_isolated_c003_direct_b01_c00.png,tool99_bevel_gear_spindle_closeup_0008,tool99,003,official_crop,0,0,2.5287158489227295,tool99
crops/images/tool99_bevel_gear_spindle_closeup_0008_isolated_c004_direct_b01_c00.jpg,crops/masks/tool99_bevel_gear_spindle_closeup_0008_isolated_c004_direct_b01_c00.png,tool99_bevel_gear_spindle_closeup_0008,tool99,004,official_crop,0,0,2.2538340091705322,tool99
